√ê√è√†¬°¬±√°                >  √æ√ø	               w          √æ√ø√ø√ø    √æ√ø√ø√ø    v   √ø√ø√ø√ø√ø√ø√ø√ø√ø√ø√ø√ø√ø√ø√ø√ø√ø√ø√ø√ø√ø√ø√ø√ø√ø√ø√ø√ø√ø√ø√ø√ø√ø√ø√ø√ø√ø√ø√ø√ø√ø√ø√ø√ø√ø√ø√ø√ø√ø√ø√ø√ø√ø√ø√ø√ø√ø√ø√ø√ø√ø√ø√ø√ø√ø√ø√ø√ø√ø√ø√ø√ø√ø√ø√ø√ø√ø√ø√ø√ø√ø√ø√ø√ø√ø√ø√ø√ø√ø√ø√ø√ø√ø√ø√ø√ø√ø√ø√ø√ø√ø√ø√ø√ø√ø√ø√ø√ø√ø√ø√ø√ø√ø√ø√ø√ø√ø√ø√ø√ø√ø√ø√ø√ø√ø√ø√ø√ø√ø√ø√ø√ø√ø√ø√ø√ø√ø√ø√ø√ø√ø√ø√ø√ø√ø√ø√ø√ø√ø√ø√ø√ø√ø√ø√ø√ø√ø√ø√ø√ø√ø√ø√ø√ø√ø√ø√ø√ø√ø√ø√ø√ø√ø√ø√ø√ø√ø√ø√ø√ø√ø√ø√ø√ø√ø√ø√ø√ø√ø√ø√ø√ø√ø√ø√ø√ø√ø√ø√ø√ø√ø√ø√ø√ø√ø√ø√ø√ø√ø√ø√ø√ø√ø√ø√ø√ø√ø√ø√ø√ø√ø√ø√ø√ø√ø√ø√ø√ø√ø√ø√ø√ø√ø√ø√ø√ø√ø√ø√ø√ø√ø√ø√ø√ø√ø√ø√ø√ø√ø√ø√ø√ø√ø√ø√ø√ø√ø√ø√ø√ø√ø√ø√ø√ø√ø√ø√ø√ø√ø√ø√ø√ø√ø√ø√ø√ø√ø√ø√ø√ø√ø√ø√ø√ø√ø√ø√ø√ø√ø√ø√ø√ø√ø√ø√ø√ø√ø√ø√ø√ø√ø√ø√ø√ø√ø√ø√ø√ø√ø√ø√ø√ø√ø√ø√ø√ø√ø√ø√ø√ø√ø√ø√ø√ø√ø√ø√ø√ø√ø√ø√ø√ø√ø√ø√ø√ø√ø√ø√ø√ø√ø√ø√ø√ø√ø√ø√ø√ø√ø√ø√ø√ø√ø√ø√ø√ø√ø√ø√ø√ø√ø√ø√ø√ø√ø√ø√ø√ø√ø√ø√ø√ø√ø√ø√ø√ø√ø√ø√ø√ø√ø√ø√ø√ø√ø√ø√ø√ø√ø√ø√ø√ø√ø√ø√ø√ø√ø√ø√ø√ø√ø√ø√ø√ø√ø√ø√ø√ø√ø√ø√ø√ø√ø√ø√ø√ø√ø√ø√ø√ø√ø√ø√ø√ø√ø√ø√ø√ø√ø√ø√ø√ø	   g2√ç√â‚Ç¨   √°  ¬∞√Å    √¢   \ p   JAIME BENITO VIVAR                                                                                           B  ¬∞a   √Ä  =       	 
 ≈ì               ¬Ø   ¬º   =  √∞ Z √É-¬†#8     X@    ¬ç    "       ¬∑   √ö    1  √à   √ø¬ê      A r i a l 1  √ú    ¬ê     C a l i b r i 1  √ú    ¬ê     C a l i b r i 1  √ú    ¬ê     C a l i b r i 1  √à   √ø¬ê     A r i a l 1  h  √ø¬ê     T a h o m a 1  ¬†   √ø¬ê     T a h o m a 1  ¬†  √ø¬º     V e r d a n a 1  ¬†   √ø¬ê     V e r d a n a 1  √ú    ¬ê     C a l i b r i 1  ¬†  	 ¬º     V e r d a n a 1  ¬†   √ø¬ê      A r i a l 1  √ú    ¬ê    BC a l i b r i 1  √ú   	 ¬ê    BC a l i b r i 1  √ú    ¬ê    BC a l i b r i 1  √ú  4 ¬º    BC a l i b r i 1  √ú  	 ¬º    BC a l i b r i 1  √ú   4 ¬ê    BC a l i b r i 1  √ú  8 ¬º    BC a l i b r i 1  √ú   > ¬ê    BC a l i b r i 1  √à   ¬ê   BA r i a l 1  √à   ¬ê   BA r i a l 1  √ú    ¬ê    BC a l i b r i 1  √ú   < ¬ê    BC a l i b r i 1  √ú  ? ¬º    BC a l i b r i 1  √ú   
 ¬ê    BC a l i b r i 1  √ú   ¬ê    BC a l i b r i 1  h 8 ¬º    BC a m b r i a 1  , 8 ¬º    BC a l i b r i 1   8 ¬º    BC a l i b r i 1  √ú   ¬º    BC a l i b r i 1  ¬†  	 ¬º    BV e r d a n a 3   # , # # 0 \   " ¬¨ " ; \ - # , # # 0 \   " ¬¨ " =   # , # # 0 \   " ¬¨ " ; [ R e d ] \ - # , # # 0 \   " ¬¨ " ?   # , # # 0 . 0 0 \   " ¬¨ " ; \ - # , # # 0 . 0 0 \   " ¬¨ " I  " # , # # 0 . 0 0 \   " ¬¨ " ; [ R e d ] \ - # , # # 0 . 0 0 \   " ¬¨ " q * 6 _ - *   # , # # 0 \   " ¬¨ " _ - ; \ - *   # , # # 0 \   " ¬¨ " _ - ; _ - *   " - " \   " ¬¨ " _ - ; _ - @ _ - k ) 3 _ - *   # , # # 0 \   _ ¬¨ _ - ; \ - *   # , # # 0 \   _ ¬¨ _ - ; _ - *   " - " \   _ ¬¨ _ - ; _ - @ _ - ¬Å , > _ - *   # , # # 0 . 0 0 \   " ¬¨ " _ - ; \ - *   # , # # 0 . 0 0 \   " ¬¨ " _ - ; _ - *   " - " ? ? \   " ¬¨ " _ - ; _ - @ _ - { + ; _ - *   # , # # 0 . 0 0 \   _ ¬¨ _ - ; \ - *   # , # # 0 . 0 0 \   _ ¬¨ _ - ; _ - *   " - " ? ? \   _ ¬¨ _ - ; _ - @ _ -  ¬§   "S√≠";"S√≠";"No"$ ¬•   "Verdadero";"Verdadero";"Falso"( ¬¶ #  "Activado";"Activado";"Desactivado"] ¬ß , [ $ ¬¨ - 2 ] \   # , # # 0 . 0 0 _ ) ; [ R e d ] \ ( [ $ ¬¨ - 2 ] \   # , # # 0 . 0 0 \ )  ¬®   #,##0;\(#,##0\)√†      √µ√ø            √Ä √†  
   √µ√ø   √¥        √Ä √†  
   √µ√ø   √¥        √Ä √†  
   √µ√ø   √¥        √Ä √†  
   √µ√ø   √¥        √Ä √†      √µ√ø   √¥        √Ä √†      √µ√ø   √¥        √Ä √†      √µ√ø   √¥        √Ä √†      √µ√ø   √¥        √Ä √†      √µ√ø   √¥        √Ä √†      √µ√ø   √¥        √Ä √†      √µ√ø   √¥        √Ä √†      √µ√ø   √¥        √Ä √†      √µ√ø   √¥        √Ä √†      √µ√ø   √¥        √Ä √†                 √Ä √†  
   √µ√ø   ¬¥       ≈∏ √†  
   √µ√ø   ¬¥       ¬≠ √†  
   √µ√ø   ¬¥       ¬™ √†  
   √µ√ø   ¬¥       ¬Æ √†  
   √µ√ø   ¬¥       ‚Ä∫ √†  
   √µ√ø   ¬¥       ¬Ø √†  
   √µ√ø   ¬¥       ¬¨ √†  
   √µ√ø   ¬¥       ¬ù √†  
   √µ√ø   ¬¥       ‚Äπ √†  
   √µ√ø   ¬¥       ¬Æ √†  
   √µ√ø   ¬¥       ¬¨ √†  
   √µ√ø   ¬¥       ¬≥ √†     √µ√ø   ¬¥       ≈æ √†     √µ√ø   ¬¥       ¬ù √†     √µ√ø   ¬¥       ‚Äπ √†     √µ√ø   ¬¥       ¬§ √†     √µ√ø   ¬¥       ¬± √†     √µ√ø   ¬¥       ¬¥ √†     √µ√ø   ¬¥       ¬™ √†     √µ√ø   ‚Äù‚Äî‚Äî ‚Äì √†     √µ√ø   ‚Äùff¬ø¬ø ¬∑ √†     √µ√ø   √î `     √Ä √†     √µ√ø   √¥        √Ä √†     √µ√ø   ¬¥       ¬æ √†     √µ√ø   ¬¥       ≈† √†     √µ√ø   ¬¥       ¬π √†     √µ√ø   ¬¥       ¬§ √†     √µ√ø   ¬¥       ¬± √†     √µ√ø   ¬¥       ¬µ √†     √µ√ø   ‚Äù‚Äî‚Äî ¬Ø √†     √µ√ø   √¥        √Ä √†     √µ√ø   √¥        √Ä √†     √µ√ø   ¬¥       ¬≠ √†  
 + √µ√ø   √∏        √Ä √†  
 ) √µ√ø   √∏        √Ä √†  
 , √µ√ø   √∏        √Ä √†  
 * √µ√ø   √∏        √Ä √†     √µ√ø   ¬¥       ¬´ √†     √µ√ø            √Ä √†  
   √µ√ø   ≈ì ≈° √†  
 	 √µ√ø   √∏        √Ä √†     √µ√ø   ‚Äù¬ø¬ø ‚Äì √†     √µ√ø   √¥        √Ä √†     √µ√ø   √¥        √Ä √†     √µ√ø   √¥        √Ä √†     √µ√ø   √î P     √Ä √†     √µ√ø   √î P     √Ä √†     √µ√ø   √î       √Ä √†     √µ√ø   √î a  >  √Ä √†        x ‚Äî  √†        x ‚Ç¨  √†      *  x ‚Ç¨  √†      "  x‚Äî‚Ç¨  √†        x   6 √†  	 ¬®    | ‚Ç¨  √†   ¬®    |‚Äî‚Ç¨ > √†  	      x ‚Ç¨  √†        x ‚Ç¨ > √†   ¬®    | ‚Ç¨ > √†   ¬®    |‚Äì‚Ç¨ > √†                 √Ä √†     a           √Ä √†     a  x ‚Äî  √†     a  x ‚Ç¨  √†     a"  x‚Äî‚Ç¨  √†     a*  x ‚Ç¨  √†     a  x   6 √†  	 ¬® a  | ‚Ç¨  √†   ¬® a  |‚Äî‚Ç¨ > √†  	   a  x ‚Ç¨  √†     a  x ‚Ç¨ > √†   ¬® a  | ‚Ç¨ > √†   ¬® a  |‚Äì‚Ç¨ > √†                   √Ä √†      .  x ‚Äî  √†      .  x   ‚Äî  √†      .  x‚Ç¨‚Äî  √†      *  x ‚Äî  √†      *  x   ‚Äî  √†      *  x‚Ç¨‚Äî  √†                 √Ä √†      (          √Ä √†     a*  x ‚Äî  √†     a*  x   ‚Äî  √†     a*  x‚Ç¨‚Äî  √†     a           √Ä √†     a(          √Ä √†        x ‚Äî  √†      *  x ‚Äî  √†      *  x   ‚Äî  √†      *  x‚Ç¨‚Äî  √†        x ‚Ç¨  √†      "  x‚Äî‚Ç¨  √†      *  x ‚Ç¨  √†         x   6 √†  	 ¬®    | ‚Ç¨  √†    ¬®    |‚Äî‚Ç¨ > √†  	      x ‚Ç¨  √†         x ‚Ç¨ > √†    ¬®    | ‚Ç¨ > √†    ¬®    |‚Äì‚Ç¨ > | |            u 5fOS}A }                
         0 0 _ )     ef   [ $ ¬¨ - }A }                
         0 0 _ )     ef   [ $ ¬¨ - }A }                
         0 0 _ )     ef   [ $ ¬¨ - }A }                
         0 0 _ )     ef   [ $ ¬¨ - }A }                
         0 0 _ )     ef   [ $ ¬¨ - }A }                
         0 0 _ )     ef	   [ $ ¬¨ - }A }                
         0 0 _ )     √åL   [ $ ¬¨ - }A }                
         0 0 _ )     √åL   [ $ ¬¨ - }A }                
         0 0 _ )     √åL   [ $ ¬¨ - }A }                
         0 0 _ )     √åL   [ $ ¬¨ - }A }                
         0 0 _ )     √åL   [ $ ¬¨ - }A }                
         0 0 _ )     √åL	   [ $ ¬¨ - }A }                
          0 0 _ )     23   [ $ ¬¨ - }A }                
          0 0 _ )     23   [ $ ¬¨ - }A }                
          0 0 _ )     23   [ $ ¬¨ - }A }                
          0 0 _ )     23   [ $ ¬¨ - }A }                 
          0 0 _ )     23   [ $ ¬¨ - }A }            !    
          0 0 _ )     23	   [ $ ¬¨ - }A }            "    
      a √ø 0 0 _ )       √Ü√Ø√é√ø[ $ ¬¨ - }‚Äò }            #    
     √∫} √ø 0 0 _ )       √≤√≤√≤√ø[ $ ¬¨ -      √ø# # 0 .      √ø? \   _ 	     √ø@ _ - @ 
     √ø        }‚Äò }            $    
          0 0 _ )       ¬•¬•¬•√ø[ $ ¬¨ -      ???√ø# # 0 .      ???√ø? \   _ 	     ???√ø@ _ - @ 
     ???√ø        }A }            %    
     √∫} √ø 0 0 _ )       √ø‚Ç¨√ø[ $ ¬¨ - }- }            &    
         0 0 _ )  }A }            '    
          0 0 _ )          [ $ ¬¨ - }A }            (    
          0 0 _ )          [ $ ¬¨ - }A }            )    
          0 0 _ )          [ $ ¬¨ - }A }            *    
          0 0 _ )          [ $ ¬¨ - }A }            +    
          0 0 _ )          [ $ ¬¨ - }A }            ,    
          0 0 _ )       	   [ $ ¬¨ - }‚Äò }            -    
     ??v√ø 0 0 _ )       √ø√å‚Ñ¢√ø[ $ ¬¨ -      √ø# # 0 .      √ø? \   _ 	     √ø@ _ - @ 
     √ø        }( }            .    
       √ø√ø 0 0 _ )}( }            /    
         0 0 _ )}A }            0    
     ≈ì √ø 0 0 _ )       √ø√á√é√ø[ $ ¬¨ - }A }            5    
     ≈ìe √ø 0 0 _ )       √ø√´≈ì√ø[ $ ¬¨ - }x }            7         √ø√ø√å√ø 0 0 _ )     ¬≤¬≤¬≤√ø √ø√´≈ì√ø[ $     ¬≤¬≤¬≤√ø √ø# #	     ¬≤¬≤¬≤√ø √ø? \
     ¬≤¬≤¬≤√ø √ø@ _}‚Äò }            9    
     ???√ø 0 0 _ )       √≤√≤√≤√ø[ $       ???√ø# #	       ???√ø? \
  	     ???√ø@ _ - @ 
     ???√ø        }- }            :    
     √ø  √ø 0 0 _ )  }- }            ;    
     √ø 0 0 _ )  }- }            <    
         0 0 _ )  }A }            =    
         0 0 _ )          [ $  }A }            >    
         0 0 _ )     √ø?   [ $  }A }            ?    
         0 0 _ )     23   [ $  }U }            @    
         0 0 _ )          [ $          # #	  }d }            g         √Ä√Ä√Ä√ø 0 0 _ )     ‚Ç¨‚Ç¨‚Ç¨√ø    [ $     ‚Ç¨‚Ç¨‚Ç¨√ø    # #	     ‚Ç¨‚Ç¨‚Ç¨√ø ???√ø? \}d }            h         √Ä√Ä√Ä√ø 0 0 _ )     ‚Ç¨‚Ç¨‚Ç¨√ø    [ $     ‚Ç¨‚Ç¨‚Ç¨√ø    # #	     ‚Ç¨‚Ç¨‚Ç¨√ø ???√ø? \}P }            i         √Ä√Ä√Ä√ø 0 0 _ )     ‚Ç¨‚Ç¨‚Ç¨√ø    [ $     ‚Ç¨‚Ç¨‚Ç¨√ø    # #}d }            j         √Ä√Ä√Ä√ø 0 0 _ )     ‚Ç¨‚Ç¨‚Ç¨√ø    [ $     ‚Ç¨‚Ç¨‚Ç¨√ø    # #
     ‚Ç¨‚Ç¨‚Ç¨√ø ???√ø? \}P }            k         √Ä√Ä√Ä√ø 0 0 _ )     ‚Ç¨‚Ç¨‚Ç¨√ø    [ $	     ‚Ç¨‚Ç¨‚Ç¨√ø    # #}d }            l         √Ä√Ä√Ä√ø 0 0 _ )     ‚Ç¨‚Ç¨‚Ç¨√ø    [ $	     ‚Ç¨‚Ç¨‚Ç¨√ø    # #
     ‚Ç¨‚Ç¨‚Ç¨√ø ???√ø? \}P }            m         √Ä√Ä√Ä√ø 0 0 _ )     ‚Ç¨‚Ç¨‚Ç¨√ø    [ $	     ‚Ç¨‚Ç¨‚Ç¨√ø    # #}d }            n    
     √ø√ø√ø√ø 0 0 _ )     fÀÜ√Å√ø    [ $     √Ä√Ä√Ä√ø    # #	     ‚Ç¨‚Ç¨‚Ç¨√ø ???√ø? \}P }            o         √û√¨√∫√ø 0 0 _ )     ‚Ç¨‚Ç¨‚Ç¨√ø    [ $	     ‚Ç¨‚Ç¨‚Ç¨√ø    # #}x }            p    
     √ø√ø√ø√ø 0 0 _ )     3O}√ø    [ $     ‚Ç¨‚Ç¨‚Ç¨√ø    # #	     ‚Ç¨‚Ç¨‚Ç¨√ø ???√ø? \
     ‚Ç¨‚Ç¨‚Ç¨√ø ???√ø@ _}P }            q         √û√¨√∫√ø 0 0 _ )     ‚Ç¨‚Ç¨‚Ç¨√ø    [ $	     ‚Ç¨‚Ç¨‚Ç¨√ø    # #}d }            r    
     √ø√ø√ø√ø 0 0 _ )     3O}√ø    [ $     ‚Ç¨‚Ç¨‚Ç¨√ø    # #	     ‚Ç¨‚Ç¨‚Ç¨√ø ???√ø? \}d }            s    
     √ø√ø√ø√ø 0 0 _ )     3O}√ø    [ $     ‚Ç¨‚Ç¨‚Ç¨√ø    # #	     √Ä√Ä√Ä√ø ???√ø? \}x }            t    
     √ø√ø√ø√ø 0 0 _ )     3O}√ø    [ $     ‚Ç¨‚Ç¨‚Ç¨√ø    # #	     √Ä√Ä√Ä√ø ???√ø? \
     ‚Ç¨‚Ç¨‚Ç¨√ø ???√ø@ _‚Äú    20% - √ânfasis1‚ÄôO ‚Äô          √ø 2 0 %   -   √â n f a s i s 1      ef√ú√¶√±√ø       √ø%  ‚Äú    20% - √ânfasis2‚ÄôO ‚Äô          "√ø 2 0 %   -   √â n f a s i s 2      ef√≤√ú√õ√ø       √ø%  ‚Äú    20% - √ânfasis3‚ÄôO ‚Äô          &√ø 2 0 %   -   √â n f a s i s 3      ef√´√±√û√ø       √ø%  ‚Äú    20% - √ânfasis4‚ÄôO ‚Äô          *√ø 2 0 %   -   √â n f a s i s 4      ef√§√ü√¨√ø       √ø%  ‚Äú    20% - √ânfasis5‚ÄôO ‚Äô          .√ø 2 0 %   -   √â n f a s i s 5      ef√ö√Æ√≥√ø       √ø%  ‚Äú    20% - √ânfasis6‚ÄôO ‚Äô          2√ø 2 0 %   -   √â n f a s i s 6      	ef√Ω√©√ô√ø       √ø%  ‚Äú    40% - √ânfasis1‚ÄôO ‚Äô          √ø 4 0 %   -   √â n f a s i s 1      √åL¬∏√å√§√ø       √ø%  ‚Äú    40% - √ânfasis2‚ÄôO ‚Äô          #√ø 4 0 %   -   √â n f a s i s 2      √åL√¶¬∏¬∑√ø       √ø%  ‚Äú    40% - √ânfasis3‚ÄôO ‚Äô          '√ø 4 0 %   -   √â n f a s i s 3      √åL√ò√§¬º√ø       √ø%  ‚Äú    40% - √ânfasis4‚ÄôO ‚Äô          +√ø 4 0 %   -   √â n f a s i s 4      √åL√å√Ä√ö√ø       √ø%  ‚Äú    40% - √ânfasis5‚ÄôO ‚Äô          /√ø 4 0 %   -   √â n f a s i s 5      √åL¬∑√û√®√ø       √ø%  ‚Äú    40% - √ânfasis6‚ÄôO ‚Äô          3√ø 4 0 %   -   √â n f a s i s 6      	√åL√º√ï¬¥√ø       √ø%  ‚Äú    60% - √ânfasis1‚ÄôO ‚Äô           √ø 6 0 %   -   √â n f a s i s 1      23‚Ä¢¬≥√ó√ø     √ø√ø√ø√ø%  ‚Äú    60% - √ânfasis2‚ÄôO ‚Äô          $√ø 6 0 %   -   √â n f a s i s 2      23√ö‚Äì‚Äù√ø     √ø√ø√ø√ø%  ‚Äú    60% - √ânfasis3‚ÄôO ‚Äô          (√ø 6 0 %   -   √â n f a s i s 3      23√Ñ√ó‚Ä∫√ø     √ø√ø√ø√ø%  ‚Äú    60% - √ânfasis4‚ÄôO ‚Äô          ,√ø 6 0 %   -   √â n f a s i s 4      23¬±¬†√á√ø     √ø√ø√ø√ø%  ‚Äú     60% - √ânfasis5‚ÄôO ‚Äô          0√ø 6 0 %   -   √â n f a s i s 5      23‚Äô√ç√ú√ø     √ø√ø√ø√ø%  ‚Äú !   60% - √ânfasis6‚ÄôO ‚Äô          4√ø 6 0 %   -   √â n f a s i s 6      	23√∫¬ø¬è√ø     √ø√ø√ø√ø%  ‚Äú
 "   Buena‚Äô= ‚Äô          √ø B u e n a      √ø  √Ü√Ø√é√ø  √ø   a √ø%  ‚Äú #   C√°lculo‚Äôy ‚Äô          √ø C √° l c u l o      √ø  √≤√≤√≤√ø  √ø  √∫} √ø%    √ø  √ø   √ø  √ø   √ø  √ø 	  √ø  √ø ‚Äú $   Celda de comprobaci√≥n‚Äô‚Ä¢ ‚Äô          √ø C e l d a   d e   c o m p r o b a c i √≥ n      √ø  ¬•¬•¬•√ø     √ø√ø√ø√ø%    √ø  ???√ø   √ø  ???√ø   √ø  ???√ø 	  √ø  ???√ø ‚Äú %   Celda vinculada‚ÄôS ‚Äô          √ø C e l d a   v i n c u l a d a      √ø  √∫} √ø%    √ø  √ø‚Ç¨√ø ‚Äú &   Encabezado 4‚Äô? ‚Äô          √ø E n c a b e z a d o   4        I}√ø%  ‚Äú
 '   √ânfasis1‚ÄôC ‚Äô          √ø √â n f a s i s 1        O¬Å¬Ω√ø     √ø√ø√ø√ø%  ‚Äú
 (   √ânfasis2‚ÄôC ‚Äô          !√ø √â n f a s i s 2        √ÄPM√ø     √ø√ø√ø√ø%  ‚Äú
 )   √ânfasis3‚ÄôC ‚Äô          %√ø √â n f a s i s 3        ‚Ä∫¬ªY√ø     √ø√ø√ø√ø%  ‚Äú
 *   √ânfasis4‚ÄôC ‚Äô          )√ø √â n f a s i s 4        ‚Ç¨d¬¢√ø     √ø√ø√ø√ø%  ‚Äú
 +   √ânfasis5‚ÄôC ‚Äô          -√ø √â n f a s i s 5        K¬¨√Ü√ø     √ø√ø√ø√ø%  ‚Äú
 ,   √ânfasis6‚ÄôC ‚Äô          1√ø √â n f a s i s 6      	  √∑‚ÄìF√ø     √ø√ø√ø√ø%  ‚Äú -   Entrada‚Äôy ‚Äô          √ø E n t r a d a      √ø  √ø√å‚Ñ¢√ø  √ø  ??v√ø%    √ø  √ø   √ø  √ø   √ø  √ø 	  √ø  √ø ‚Äú .‚Ç¨√ø‚Äô: ‚Äô          √ø H i p e r v √≠ n c u l o      √ø    √ø√ø‚Äú /‚Ç¨	√ø‚ÄôL ‚Äô          	√ø H i p e r v √≠ n c u l o   v i s i t a d o        ‚Ç¨ ‚Ç¨√ø‚Äú 0 
  Incorrecto‚ÄôG ‚Äô          √ø
 I n c o r r e c t o      √ø  √ø√á√é√ø  √ø  ≈ì √ø%  ‚Äú 1‚Ç¨√ø‚Äô& ‚Äô          √ø M i l l a r e s     ‚Äú 2‚Ç¨√ø‚Äô. ‚Äô          √ø M i l l a r e s   [ 0 ]     ‚Äú 3‚Ç¨√ø‚Äô" ‚Äô          √ø M o n e d a     ‚Äú 4‚Ç¨√ø‚Äô* ‚Äô          √ø
 M o n e d a   [ 0 ]     ‚Äú 5   Neutral‚ÄôA ‚Äô          √ø N e u t r a l      √ø  √ø√´≈ì√ø  √ø  ≈ìe √ø%  ‚Äú  ‚Ç¨ √ø‚Äô" ‚Äô           √ø N o r m a l     ‚Äú
 6   Normal 2‚Äô& ‚Äô           √ø√ø N o r m a l   2     ‚Äú
 7   Notas‚Äôd ‚Äô          
√ø N o t a s      √ø  √ø√ø√å√ø  √ø  ¬≤¬≤¬≤√ø   √ø  ¬≤¬≤¬≤√ø   √ø  ¬≤¬≤¬≤√ø 	  √ø  ¬≤¬≤¬≤√ø ‚Äú 8‚Ç¨√ø‚Äô* ‚Äô          √ø
 P o r c e n t a j e     ‚Äú 9   Salida‚Äôw ‚Äô          √ø S a l i d a      √ø  √≤√≤√≤√ø  √ø  ???√ø%    √ø  ???√ø   √ø  ???√ø   √ø  ???√ø 	  √ø  ???√ø ‚Äú :   Texto de advertencia‚ÄôO ‚Äô          √ø T e x t o   d e   a d v e r t e n c i a      √ø  √ø  √ø%  ‚Äú ;   Texto explicativo‚ÄôI ‚Äô          5√ø T e x t o   e x p l i c a t i v o      √ø  √ø%  ‚Äú <   T√≠tulo‚Äô3 ‚Äô          √ø T √≠ t u l o        I}√ø%  ‚Äú
 =   T√≠tulo 1‚ÄôE ‚Äô          √ø T √≠ t u l o   1        I}√ø%      O¬Å¬Ω√ø ‚Äú
 >   T√≠tulo 2‚ÄôE ‚Äô          √ø T √≠ t u l o   2        I}√ø%    √ø?¬ß¬ø√û√ø ‚Äú
 ?   T√≠tulo 3‚ÄôE ‚Äô          √ø T √≠ t u l o   3        I}√ø%    23‚Ä¢¬≥√ó√ø ‚Äú
 @   Total‚ÄôM ‚Äô          √ø T o t a l           √ø%      O¬Å¬Ω√ø     O¬Å¬Ω√ø ≈ΩX ≈Ω          ¬ê     T a b l e S t y l e M e d i u m 2 P i v o t S t y l e L i g h t 1 6 `   ‚Ä¶  √∑?     2009‚Ä¶  ∆íR     2010‚Ä¶  e     2011‚Ä¶  ¬•w     2012‚Ä¶  U≈†     2013‚Ä¶  ‚Ä¢‚Ä∫     2014‚Ä¶  ¬≥¬≠     2015‚Ä¶  
¬º     2016≈° ≈°                    ¬£ ¬£              ≈í  " " ¬Æ           √Å √Å  √ï8 √º :7  *   $  01. ACCIDENTES POR TIPO EN DISTRITOS  Indicadores
  N¬∫ Accidentes  A√±o  Total  DISTRITO_ACCIDENTE(  COLISI√ìN DOBLE                          (  COLISI√ìN M√öLTIPLE                       (  CHOQUE CON OBJETO FIJO                  (  ATROPELLO                               (  VUELCO                                  (  CA√çDA MOTOCICLETA                       (  CA√çDA CICLOMOTOR                        (  CA√çDA BICICLETA                         (  CA√çDA VIAJERO BUS                       (  OTRAS CAUSAS                              ARGANZUELA                      BARAJAS                         CARABANCHEL                     CENTRO                          CHAMARTIN                       CHAMBERI                        CIUDAD LINEAL                   FUENCARRAL-EL PARDO             HORTALEZA                       LATINA                          MONCLOA-ARAVACA                 MORATALAZ                       PUENTE DE VALLECAS              RETIRO                          SALAMANCA                       SAN BLAS                        TETUAN                          USERA                           VICALVARO                       VILLA DE VALLECAS               VILLAVERDE                      Filtro de informe:
  A√±o = 2014
  A√±o = 2015
  A√±o = 2016(  CA√çDA VEH√çCULO 3 RUEDAS                 √ø 2  5:     √≥:  √ä   K<  "  S=  *  [>  2  /?    c c                  ‚Äì ‚Äì          B√• ‚Ä∫ ‚Ä∫             ≈í ≈í             
   	   g2√ç√â‚Ç¨               KE  ¬ßQ  
     d          √º¬©√±√íMbP?_   *    +    ‚Äö   ‚Ç¨          %   √ø ¬Å  ¬Å      ∆í    ‚Äû    &        √®?'        √®?(        √∞?)        √∞?M :  P D F C r e a t o r                                              √ú \S√Ø‚Ç¨ 	 ≈°4d   X  X  A 4                                                                                                               PRIV√¢0                                                                                       '''  '        ÀÜ \                                  P4 (ÀÜ                            √ß¬±KL    
 √ø                                                                                                                                                                                                                                                                                                                                                                                                                                                                                                                                          ÀÜ   SMTJ     x                                                                                                                         ¬° " 	 d     XX      √†?      √†? ≈ì& ≈ì                                   U  
 }      ‚Äô    }    $
    }    I
    }    $
    }    I
    }  	  $
    }    $	                
        
 √Ç    @     
 √í     @     
 √ø           
 √ø           
 √ø           
 √ø           
 W          
 √ø        	   
 √ø        
   
 √ø           
 √ø           
 √ø        
   
 √ø           
 √ø           
 √ø            √ø            √ø            √ø            √ø            √ø            √ø            √ø            √ø            √ø            √ø            √ø            √ø            √ø            √ø       √Ω 
     `     ¬æ     ` ` ` ` ` ` ` ` ` ` ` `  ¬æ      a a a a a a a a a a a a a  ¬æ      a a a a a a a a a a a a a  √Ω 
    A    √Ω 
   ]    ¬æ    ^ ^ ^ ^ ^ ^ ^ ^ ^ _  √Ω 
    B    ~
   ]  d≈∏@¬æ    ^ ^ ^ ^ ^ ^ ^ ^ _ 
 √Ω 
   D    √Ω 
    B    √Ω 
   C    √Ω 
   C    √Ω 
   C    √Ω 
   C 	   √Ω 
   C 
   √Ω 
   C    √Ω 
   C    √Ω 
   C 
   √Ω 
  	 C    √Ω 
  
 C       D √Ω 
    E    ¬Ω H   F  Px@F   K@F  ‚Ç¨_@F  √ÄR@F   "@F  ‚Ç¨E@F   "@F   @F   @F    @G  ¬ê‚Ä†@ √Ω 
 	   E    ¬Ω  	  F  @V@F   @F  ‚Ç¨J@F   5@  	  H ¬Ω * 	  F   (@F    @F   √∞?F    @F    @G  ‚Ç¨g@ √Ω 
 
   E    ¬Ω H 
  F  pw@F   F@F  `e@F   a@F    @F   B@F   *@F   @F   "@F    @G  8‚Ä∞@ √Ω 
    E    ¬Ω    F  ‚Ç¨@F  ‚Ç¨K@F  `e@F  √†a@    H ¬Ω *   F  ‚Ç¨N@F   (@F   @F   $@F   (@G  ¬®≈Ω@ √Ω 
    E    ¬Ω H   F  √†~@F  ‚Ç¨Q@F  ¬†`@F   W@F   $@F   R@F   6@F    @F   @F   @G  `≈í@ √Ω 
 
   E    ¬Ω H 
  F  √†y@F  ‚Ç¨A@F  √ÄU@F  √ÄU@F   @F  ‚Ç¨I@F   (@F   @F   @F   @G  √∞‚Ä¶@ √Ω 
    E    ¬Ω H   F  √†x@F   P@F   _@F  @Y@F   @F  ‚Ç¨L@F   1@F   @F   @F   @G  HÀÜ@ √Ω 
    E    ¬Ω H   F  t@F  ‚Ç¨G@F  √†b@F  ‚Ç¨S@F   &@F   A@F   0@F   @F    @F    @G  ‚Ä¶@ √Ω 
    E    ¬Ω H   F  √†j@F   0@F  @[@F   M@F   @F   =@F   *@F   @F   @F   @G  ¬†|@ √Ω 
    E    ¬Ω H   F  ¬†r@F   D@F  √Ä`@F  @U@F   @F   8@F   $@F    @F   "@F   &@G  `∆í@ √Ω 
    E    ¬Ω H   F  @u@F  ‚Ç¨L@F  @j@F  √ÄQ@F   &@F   H@F    @F   @F   √∞?F   *@G  √∞‚Ä°@ √Ω 
    E    ¬Ω    F  √†b@F   :@F  ‚Ç¨M@F   D@    H ¬Ω *   F   7@F   @F    @F   @F   @G  ps@ √Ω 
    E    ¬Ω H   F  √∞v@F   K@F  ‚Ç¨h@F  ‚Ç¨^@F    @F   6@F   ,@F    @F   @F   &@G  ‚Ä∞@ √Ω 
    E    ¬Ω H   F  w@F  ‚Ç¨M@F  ‚Ç¨R@F  ‚Ç¨I@F   @F   H@F   $@F    @F   @F   @G  √ò∆í@ √Ω 
    E    ¬Ω 0   F  ¬∏‚Ç¨@F   L@F  ‚Ç¨^@F   Z@F   @F  √ÄZ@F   ?@    H ¬Ω   	 F   @F    @G  (≈Ω@ √Ω 
    E    ¬Ω H   F  √êr@F   =@F   V@F  ‚Ç¨P@F   @F   4@F   $@F   @F    @F   @G  x‚Ç¨@ √Ω 
    E     ¬Ω H   F   u@F   7@F  √Ä\@F  @Y@F   √∞?F   E@F   .@F   @F   @F    @G  x‚Äû@ √Ω 
    E !   ¬Ω H   F  √Äj@F   8@F   X@F  ‚Ç¨J@F   √∞?F   *@F    @F   √∞?F   @F   @G  ¬∞y@ √Ω 
    E "   ¬Ω H   F  ‚Ç¨U@F   @F  ‚Ç¨C@F   .@F   @F   "@F   @F   @F    @F    @G  ‚Ç¨e@ √Ω 
    E #   ¬Ω H   F  √Äa@F   @F  √ÄP@F   B@F   @F    @F   @F   √∞?F    @F   @G   q@ √Ω 
    E $   ¬Ω H   F  ‚Ç¨b@F   3@F  @P@F   G@F   @F   "@F   @F   @F   √∞?F    @G  0s@ √Ω 
    I    ¬Ω H   J  b¬π@J  ¬∞ÀÜ@J  ¬¨¬¢@J  ¬∏Àú@J  ‚Ç¨X@J   ÀÜ@J  √†l@J   S@J  @W@J  √Ä`@K  ¬∫√à@ √ó > √î  00   $ $ : F ¬§ Z h Z h Z Z Z Z Z Z Z h Z Z h Z Z Z Z Z Z > ¬¥     @       J   ‚Äπ ‚Äπ            J    
      

‚Ñ¢  $	√• *     
                      √Ø   7   g g           √ø√ø√ø√øD  
   	   g2√ç√â‚Ç¨               √óW  'd  
     d          √º¬©√±√íMbP?_   *    +    ‚Äö   ‚Ç¨          %   √ø ¬Å  ¬Å      ∆í    ‚Äû    &        √®?'        √®?(        √∞?)        √∞?M :  P D F C r e a t o r                                              √ú \S√Ø‚Ç¨ 	 ≈°4d   X  X  A 4                                                                                                               PRIV√¢0                                                                                       '''  '        ÀÜ \                                  P4 (ÀÜ                            √ß¬±KL    
 √ø                                                                                                                                                                                                                                                                                                                                                                                                                                                                                                                                          ÀÜ   SMTJ     x                                                                                                                         ¬° " 	 d     XX      √†?      √†? ≈ì& ≈ì                                   U  
 }      ‚ÄôM    }    $
M    }    I
M    }    $
M    }    I
M    }  	  $
M    }    $	M                
        
 √Ç    @     
 √í     @     
 √ø           
 √ø           
 √ø           
 √ø           
 W          
 √ø        	   
 √ø        
   
 √ø           
 √ø           
 √ø        
   
 √ø           
 √ø           
 √ø            √ø            √ø            √ø            √ø            √ø            √ø            √ø            √ø            √ø            √ø            √ø            √ø            √ø            √ø       √Ω 
     e     ¬æ     e e e e e e e e e e e e  ¬æ      f f f f f f f f f f f f f  ¬æ      f f f f f f f f f f f f f  √Ω 
    N    √Ω 
   b    ¬æ    c c c c c c c c c d  √Ω 
    O    ~
   b  h≈∏@¬æ    c c c c c c c c d 
 √Ω 
   P    √Ω 
    O    √Ω 
   Q    √Ω 
   Q    √Ω 
   Q    √Ω 
   Q 	   √Ω 
   Q 
   √Ω 
   Q    √Ω 
   Q    √Ω 
   Q 
   √Ω 
  	 Q    √Ω 
  
 Q       P √Ω 
    R    ¬Ω H   S  0y@S   H@S  √ÄY@S  √ÄR@S   @S   :@S   .@S    @S   @S   @T  ¬ê‚Ä¶@ √Ω 
 	   R    ¬Ω * 	  S   O@S   @S   A@S   6@S   √∞?S   &@ ¬æ  	  U U U U 
 ~
 	  T  √†`@√Ω 
 
   R    ¬Ω H 
  S  Pv@S  ‚Ç¨A@S  ¬†`@S  ‚Ç¨\@S   @S   6@S   ,@S   @S   @S   √∞?T  √Ä‚Ä¶@ √Ω 
    R    ¬Ω H   S  ¬Å@S  ‚Ç¨E@S  √Äa@S   e@S    @S   N@S   ,@S   "@S   *@S   "@T  x¬è@ √Ω 
    R    ¬Ω H   S  √Ä|@S  √ÄP@S   `@S  @U@S   &@S  @S@S   0@S   √∞?S    @S   @T  √ê≈†@ √Ω 
 
   R    ¬Ω H 
  S  ¬êv@S   A@S  ‚Ç¨U@S  √ÄY@S   √∞?S  ‚Ç¨P@S   ,@S   @S    @S   @T   ‚Ä¶@ √Ω 
    R    ¬Ω H   S  @y@S  √ÄS@S   ^@S  ‚Ç¨V@S    @S  ‚Ç¨C@S   (@S   @S   @S    @T  √∏‚Ä°@ √Ω 
    R    ¬Ω H   S  `r@S  ‚Ç¨H@S  ¬†d@S   R@S   $@S   :@S   "@S   @S   @S    @T  √†∆í@ √Ω 
    R    ¬Ω H   S  √†f@S   .@S   Q@S   F@S   @S   &@S    @S   @S   @S   @T  pu@ √Ω 
    R    ¬Ω H   S  q@S  ‚Ç¨B@S  @W@S  ‚Ç¨W@S   @S   8@S   @S   @S   $@S   @T  @¬Å@ √Ω 
    R    ¬Ω H   S  √†u@S  ‚Ç¨G@S   f@S  √ÄR@S   $@S  ‚Ç¨F@S   "@S   @S   "@S   &@T  ‚Ä°@ √Ω 
    R    ¬Ω H   S  √Ä_@S   5@S   M@S  ‚Ç¨@@S   @S   *@S   @S    @S    @S   √∞?T  √Äp@ √Ω 
    R    ¬Ω H   S  @t@S   F@S  ¬†c@S  √ÄZ@S   @S   4@S   "@S   @S    @S   @T  p‚Ä¶@ √Ω 
    R    ¬Ω H   S  √êu@S  ‚Ç¨K@S  ‚Ç¨@@S  ‚Ç¨L@S    @S  ‚Ç¨F@S   (@S   @S   @S   @T  √†¬Å@ √Ω 
    R    ¬Ω H   S  ¬†@S   F@S  ``@S  @V@S   @S  @V@S   3@S   √∞?S   "@S   @T   ≈í@ √Ω 
    R    ¬Ω H   S   q@S   ;@S   O@S  ‚Ç¨P@S    @S   6@S   @S    @S   @S    @T  @}@ √Ω 
    R     ¬Ω H   S  ¬∞t@S   9@S  √ÄU@S  @V@S   @S  ‚Ç¨G@S   *@S   @S   @S   @T   ∆í@ √Ω 
    R !   ¬Ω 6   S  @f@S   B@S  ‚Ç¨S@S  ‚Ç¨S@S   @S   ,@S    @S   @   	 U ¬Ω   
 S   @T  √†x@ √Ω 
    R "   ¬Ω *   S  @P@S   @S   N@S   6@S   @S   0@    U ¬Ω    S   √∞?S   √∞?S   @T   f@ √Ω 
    R #   ¬Ω 6   S   _@S   "@S  ‚Ç¨O@S   @@S    @S   "@S   @S   √∞?   	 U ¬Ω   
 S   @T  ‚Ç¨o@ √Ω 
    R $   ¬Ω H   S  `b@S   5@S   M@S   K@S    @S   "@S   @S    @S    @S   √∞?T  √Är@ √Ω 
    V    ¬Ω H   W  √¶¬∑@W  H‚Ä°@W  √ê≈∏@W  ÀÜÀú@W  ‚Ç¨[@W  Àú‚Ä¶@W  ‚Ç¨g@W  @T@W  @Z@W   U@X  √®√Ü@ √ó > √à  00   $ $ : F ¬§ Z \ Z Z Z Z Z Z Z Z Z Z Z Z Z Z Z h h h Z > ¬¥     @       W   ‚Äπ ‚Äπ            R   %      % %   ‚Ñ¢  $	√• *     
                      √Ø   7   g g           √ø√ø√ø√øD  
   	   g2√ç√â‚Ç¨               Wj  √âv  
     d          √º¬©√±√íMbP?_   *    +    ‚Äö   ‚Ç¨          %   √ø ¬Å  ¬Å      ∆í    ‚Äû    &        √®?'        √®?(        √∞?)        √∞?M :  P D F C r e a t o r                                              √ú \S√Ø‚Ç¨ 	 ≈°4d   X  X  A 4                                                                                                               PRIV√¢0                                                                                       '''  '        ÀÜ \                                  P4 (ÀÜ                            √ß¬±KL    
 √ø                                                                                                                                                                                                                                                                                                                                                                                                                                                                                                                                          ÀÜ   SMTJ     x                                                                                                                         ¬° " 	 d     XX      √†?      √†? ≈ì& ≈ì                                   U  
 }      ‚ÄôM    }    $
M    }    I
M    }    $
M    }    I
M    }  	  $
M    }    $	M                
        
 √Ç    @     
 √í     @     
 √ø           
 √ø           
 √ø           
 √ø           
 W          
 √ø        	   
 √ø        
   
 √ø           
 √ø           
 √ø        
   
 √ø           
 √ø           
 √ø            √ø            √ø            √ø            √ø            √ø            √ø            √ø            √ø            √ø            √ø            √ø            √ø            √ø            √ø       √Ω 
     e     ¬æ     e e e e e e e e e e e e  ¬æ      f f f f f f f f f f f f f  ¬æ      f f f f f f f f f f f f f  √Ω 
    N    √Ω 
   b    ¬æ    c c c c c c c c c d  √Ω 
    O    ~
   b  l≈∏@¬æ    c c c c c c c c d 
 √Ω 
   P    √Ω 
    O    √Ω 
   Q    √Ω 
   Q    √Ω 
   Q    √Ω 
   Q 	   √Ω 
   Q 
   √Ω 
   Q    √Ω 
   Q    √Ω 
   Q 
   √Ω 
  	 Q    √Ω 
  
 Q       P √Ω 
    R    ¬Ω <   S  Pw@S   H@S  ‚Ç¨Y@S  ‚Ç¨N@S   @S  ‚Ç¨F@S   ,@S   @S   @	   
 U ~
   T  p‚Äû@√Ω 
 	   R    ¬Ω 0 	  S  ‚Ç¨S@S   @S   F@S   >@S   @S   "@S   @  	  U ~
 	 	 S   √∞? 	 
 U ~
 	  T  `e@√Ω 
 
   R    ¬Ω H 
  S  √êw@S   H@S  @_@S  √ÄY@S   @S   B@S    @S   $@S    @S   @T  ¬∞‚Ä†@ √Ω 
    R    ¬Ω H   S  ‚Ç¨‚Ç¨@S   H@S  ¬†e@S  ¬†b@S   @S  @S@S   *@S   @S   @S   @T  x¬è@ √Ω 
    R    ¬Ω H   S  ‚Ç¨@S   R@S  ‚Ç¨^@S  @R@S   @S   S@S    @S   @S   @S   @T  √Ä‚Äπ@ √Ω 
 
   R    ¬Ω  
  S  √†y@S   8@S   R@S  ‚Ç¨Y@  
  U ¬Ω * 
  S   Q@S   .@S   @S   @S   @T  @‚Ä†@ √Ω 
    R    ¬Ω H   S  0w@S   Q@S  √Äb@S   \@S    @S   K@S   &@S   @S   @S    @T  ÀúÀÜ@ √Ω 
    R    ¬Ω H   S  ‚Ç¨s@S   E@S   `@S  @V@S   (@S   >@S   "@S   0@S   √∞?S   @T  ‚Äû@ √Ω 
    R    ¬Ω H   S  ¬†g@S   2@S  √ÄV@S  ‚Ç¨E@S   @S   <@S   (@S   @S    @S    @T  px@ √Ω 
    R    ¬Ω H   S  √êq@S  ‚Ç¨A@S  ‚Ç¨\@S   V@S   √∞?S   4@S    @S   @S   "@S   @T  ¬∏¬Å@ √Ω 
    R    ¬Ω H   S   r@S   M@S  `e@S  ‚Ç¨P@S   "@S   K@S   @S   7@S   @S   @T  X‚Ä¶@ √Ω 
    R    ¬Ω H   S   a@S   0@S   J@S   A@S   @S   (@S   @S    @S    @S   @T  √êp@ √Ω 
    R    ¬Ω H   S  ‚Ç¨u@S   K@S  √Äf@S   ]@S   @S   >@S   ,@S   @S   √∞?S   @T  ‚Ç¨‚Ä°@ √Ω 
    R    ¬Ω H   S  √∞v@S  @R@S  √ÄQ@S   Q@S   @S   I@S   "@S   @S   @S   @T  ¬ê‚Äû@ √Ω 
    R    ¬Ω H   S  ‚Ç¨‚Ç¨@S  @Q@S  ‚Ç¨`@S  @X@S   √∞?S  ‚Ç¨T@S   1@S   @S   @S   @T  `¬ç@ √Ω 
    R    ¬Ω H   S  √êq@S   9@S  ‚Ç¨R@S  √ÄQ@S    @S   @@S    @S   @S    @S   √∞?T  ¬ê@ √Ω 
    R     ¬Ω    S  t@S   7@S   S@S  √ÄU@    U ¬Ω *   S   N@S   .@S   @S    @S   √∞?T  h‚Äö@ √Ω 
    R !   ¬Ω 0   S  `f@S   9@S  √ÄP@S  √ÄR@S   @S   ,@S   √∞?    U ¬Ω   	 S   @S   √∞?T  w@ √Ω 
    R "   ¬Ω H   S  @R@S   "@S  ‚Ç¨E@S   6@S    @S   $@S   √∞?S   √∞?S    @S   @T  √†d@ √Ω 
    R #   ¬Ω H   S   `@S    @S   F@S   A@S   @S   &@S   @S    @S   √∞?S   √∞?T  ¬†m@ √Ω 
    R $   ¬Ω H   S  ‚Ç¨a@S   $@S  √ÄR@S   G@S   √∞?S   @S   @S   √∞?S   @S    @T   r@ √Ω 
    V    ¬Ω H   W  ^¬∏@W  @ÀÜ@W  x¬†@W  xÀú@W   S@W  ‚Ä∞@W   g@W  ‚Ç¨\@W  √ÄR@W   O@X ‚Ç¨q√á@ √ó > √™  00   $ $ : F ¬§ f r Z Z Z h Z Z Z Z Z Z Z Z Z Z h h Z Z Z > ¬¥     @       W   ‚Äπ ‚Äπ            R   '     ' ' ‚Ñ¢  $	√• *     
                      √Ø   7   g g           √ø√ø√ø√øD  
   	   g2√ç√â‚Ç¨               √π|  y‚Ä∞  
     d          √º¬©√±√íMbP?_   *    +    ‚Äö   ‚Ç¨          %   √ø ¬Å  ¬Å      ∆í    ‚Äû    &        √®?'        √®?(        √∞?)        √∞?M :  P D F C r e a t o r                                              √ú \S√Ø‚Ç¨ 	 ≈°4d   X  X  A 4                                                                                                               PRIV√¢0                                                                                       '''  '        ÀÜ \                                  P4 (ÀÜ                            √ß¬±KL    
 √ø                                                                                                                                                                                                                                                                                                                                                                                                                                                                                                                                          ÀÜ   SMTJ     x                                                                                                                         ¬° " 	 d     XX      √†?      √†? ≈ì& ≈ì                                   U  
 }      ‚ÄôM    }    $
M    }    I
M    }    $
M    }    I
M    }  	  $
M    }    $	M                
        
 √Ç    @     
 √í     @     
 √ø           
 √ø           
 √ø           
 √ø           
 W          
 √ø        	   
 √ø        
   
 √ø           
 √ø           
 √ø        
   
 √ø           
 √ø           
 √ø            √ø            √ø            √ø            √ø            √ø            √ø            √ø            √ø            √ø            √ø            √ø            √ø            √ø            √ø       √Ω 
     e     ¬æ     e e e e e e e e e e e e  ¬æ      f f f f f f f f f f f f f  ¬æ      f f f f f f f f f f f f f  √Ω 
    N    √Ω 
   b    ¬æ    c c c c c c c c c d  √Ω 
    O    ~
   b  p≈∏@¬æ    c c c c c c c c d 
 √Ω 
   P    √Ω 
    O    √Ω 
   Q    √Ω 
   Q    √Ω 
   Q    √Ω 
   Q 	   √Ω 
   Q 
   √Ω 
   Q    √Ω 
   Q    √Ω 
   Q 
   √Ω 
  	 Q    √Ω 
  
 Q       P √Ω 
    R    ¬Ω H   S  ‚Ç¨w@S  ‚Ç¨H@S  @S@S  ‚Ç¨P@S   @S   E@S   $@S    @S   @S   √∞?T  ¬∏∆í@ √Ω 
 	   R    ¬Ω 6 	  S  ‚Ç¨T@S   @S   B@S   3@S    @S   @S   @S    @  	 	 U ¬Ω  	 
 S   @T  √†c@ √Ω 
 
   R    ¬Ω H 
  S  √†u@S   G@S   c@S  ‚Ç¨]@S   √∞?S   <@S    @S   @S   @S    @T  p‚Ä†@ √Ω 
    R    ¬Ω H   S  ¬∞~@S   E@S  √†`@S  @_@S    @S  @T@S   4@S   $@S    @S   "@T  ¬®≈í@ √Ω 
    R    ¬Ω H   S   }@S   O@S  √Ä]@S  ‚Ç¨T@S   @S  √ÄR@S   0@S   @S   $@S   @T  H≈†@ √Ω 
 
   R    ¬Ω  
  S   z@S   A@S   T@S  √ÄW@  
  U ¬Ω  
  S  √ÄQ@S   @  
  U ¬Ω  
 	 S   @S   @T  8‚Ä†@ √Ω 
    R    ¬Ω H   S  px@S   J@S  ‚Ç¨^@S   R@S   @S  ‚Ç¨D@S   &@S   @S   @S   @T  8‚Ä†@ √Ω 
    R    ¬Ω H   S  √ês@S  ‚Ç¨H@S  ¬†a@S  ‚Ç¨S@S   2@S   B@S   &@S   &@S   @S   @T  √∞‚Äû@ √Ω 
    R    ¬Ω H   S  @e@S   3@S   T@S   K@S    @S   4@S   $@S   @S   @S    @T  √∞v@ √Ω 
    R    ¬Ω H   S   o@S  ‚Ç¨@@S   Y@S  √ÄZ@S   @S   ;@S    @S   (@S   @S   @T   ¬Å@ √Ω 
    R    ¬Ω H   S  @r@S  @P@S  @c@S   L@S    @S  @P@S   @S   8@S   @S   @T  0‚Ä¶@ √Ω 
    R    ¬Ω 6   S  √Ä`@S  ‚Ç¨B@S   M@S   =@S   @S   2@S    @S    @ ¬æ 
  	 U U 
 ~
   T  √†q@√Ω 
    R    ¬Ω H   S  @u@S   H@S  √†b@S   ]@S   @S   <@S   &@S   @S   @S   @T  H‚Ä†@ √Ω 
    R    ¬Ω H   S   w@S  @P@S   P@S   K@S   √∞?S   H@S   *@S   @S   @S    @T  ¬ê∆í@ √Ω 
    R    ¬Ω H   S  √à∆í@S   N@S  ``@S  ‚Ç¨V@S   @S  √ÄT@S   $@S   @S   @S   "@T  $¬ê@ √Ω 
    R    ¬Ω H   S  ¬êp@S  ‚Ç¨F@S  ‚Ç¨R@S  @P@S   √∞?S   3@S   $@S   (@S   √∞?S    @T  √†~@ √Ω 
    R     ¬Ω H   S  @t@S   :@S  @Q@S   X@S   @S   D@S   (@S   @S    @S   √∞?T  ‚Äö@ √Ω 
    R !   ¬Ω H   S  √Äf@S   7@S  @T@S  ‚Ç¨O@S   √∞?S   $@S   @S   @S   @S   @T  ¬†w@ √Ω 
    R "   ¬Ω 0   S   P@S   @S  ‚Ç¨E@S   8@S   $@S   @S   @ ¬æ 
   U U 	 ¬Ω   
 S   √∞?T  ¬†c@ √Ω 
    R #   ¬Ω 6   S  √Ä]@S   @S   F@S  ‚Ç¨A@S   @S   1@S   @S   @   	 U ¬Ω   
 S   @T  √Äm@ √Ω 
    R $   ¬Ω 6   S  ‚Ç¨a@S   *@S   O@S   J@S    @S   *@S    @S   @   	 U ¬Ω   
 S    @T  Pr@ √Ω 
    V    ¬Ω H   W  ¬∏@W  ‚Ç¨ÀÜ@W  √ò≈æ@W  `‚Äî@W   W@W  0ÀÜ@W  `g@W  ‚Ç¨_@W  @Q@W  ‚Ç¨R@X  √±√Ü@ √ó > √∏  00   $ $ : F ¬§ Z h Z Z Z v Z Z Z Z Z d Z Z Z Z Z Z f h h > ¬¥     @       W   ‚Äπ ‚Äπ            R   #     # # ‚Ñ¢  $	√• *     
                      √Ø   7   g g           √ø√ø√ø√øD  
   	   g2√ç√â‚Ç¨               √≠≈Ω  √´≈°  
     d          √º¬©√±√íMbP?_   *    +    ‚Äö   ‚Ç¨          %   √ø ¬Å  ¬Å      ∆í    ‚Äû    &        √®?'        √®?(        √∞?)        √∞?M ~  E P S O N   A L - C 4 2 0 0   A d v a n c e d   T I P O   E N    √ú ¬†≈∏   	 ≈°4d  ,  ,    A 4   2 1 0   x   2 9 7   m m   ¬¨     f √å   √å √å √ø       ¬¨   √ø                                                        ¬†        ,,    , 4≈° 4≈°  d d 	                
         @  ,,                                               +          √ø√ø√ø√ø                                                                                                                                                                                                                                                                                                                                              DLLName32=EPCAY7AC.DLL                                                                                      `                                                                  ¬° " 	 d     ,                   ≈ì& ≈ì                                   U  
 }      ‚ÄôY    }    $
Y    }    I
Y    }    $
Y    }    I
Y    }  	  $
Y    }    $	Y                
        
 √Ç    @     
 √í     @     
 √ø           
 √ø           
 W          
 √ø           
 √ø           
 √ø           
 √ø        	   
 √ø        
   
 √ø           
 √ø           
 √ø        
   
 √ø           
 √ø           
 √ø            √ø            √ø            √ø            √ø            √ø            √ø            √ø            √ø            √ø            √ø            √ø       √Ω 
     L     ¬æ     L L L L L L L L L L L L       √Ω 
    A    √Ω 
   Z    ¬æ    [ [ [ [ [ [ [ [ [ \  √Ω 
    B    ~
   Z  t≈∏@¬æ    [ [ [ [ [ [ [ [ \ 
 √Ω 
   D    √Ω 
    B    √Ω 
   C    √Ω 
   C    √Ω 
   C    √Ω 
   C 	   √Ω 
   C 
   √Ω 
   C    √Ω 
   C    √Ω 
   C 
   √Ω 
  	 C    √Ω 
  
 C       D √Ω 
    E    ¬Ω H   F  ‚Ç¨v@F   I@F  √ÄS@F  ‚Ç¨O@F    @F   K@F   @F   @F   @F   @G  ¬∏∆í@ √Ω 
    E    ¬Ω <   F  ‚Ç¨Q@F   @F   >@F   <@F   √∞?F   $@F   @F   √∞?F    @	   
 H ~
   G  √Äb@√Ω 
    E    ¬Ω H   F  √†v@F   D@F  √†a@F  ‚Ç¨X@F   @F   ?@F    @F   (@F   @F   @G  (‚Ä†@ √Ω 
    E    ¬Ω H   F   ~@F  ‚Ç¨@@F  √†c@F  @a@F   √∞?F   T@F   "@F   (@F   $@F    @G  √∞≈í@ √Ω 
 	   E    ¬Ω H 	  F  0|@F  ‚Ç¨T@F  @^@F  ‚Ç¨U@F   @F   U@F   @F    @F   @F   @G  `≈†@ √Ω 
 
   E    ¬Ω H 
  F  √†y@F   >@F  √ÄP@F  √ÄV@F   √∞?F  √ÄU@F   "@F   @F   @F   @G  X‚Ä†@ √Ω 
    E    ¬Ω H   F  √Äx@F   J@F   `@F  √ÄR@F   @F   R@F   $@F   @F   @F   @G  p‚Ä°@ √Ω 
    E    ¬Ω H   F  √∞t@F   E@F  √†c@F   R@F   "@F  ‚Ç¨C@F   @F   *@F    @F   @G  P‚Ä¶@ √Ω 
 
   E    ¬Ω H 
  F  `e@F   2@F  @S@F  ‚Ç¨I@F   @F  ‚Ç¨@@F    @F   $@F   √∞?F    @G  `w@ √Ω 
    E    ¬Ω H   F   o@F   =@F  ‚Ç¨[@F  √ÄW@F   @F   8@F   @F   @F   @F   @G  ¬ê‚Ç¨@ √Ω 
    E    ¬Ω H   F  √Är@F  @P@F   e@F  ‚Ç¨M@F   (@F   Q@F   @F   *@F   "@F   @G  √∞‚Ä¶@ √Ω 
    E    ¬Ω H   F  ‚Ç¨`@F   ,@F  ‚Ç¨C@F  ‚Ç¨J@F   @F   7@F   @F   @F   √∞?F   @G  ¬†q@ √Ω 
    E    ¬Ω H   F  √†t@F  ‚Ç¨B@F  @_@F  ‚Ç¨W@F   @F  ‚Ç¨A@F    @F    @F   @F   √∞?G  X‚Äû@ √Ω 
    E    ¬Ω H   F  √Äv@F  ‚Ç¨M@F   I@F   I@F   √∞?F   G@F   @F   &@F    @F   @G  ÀÜ‚Äö@ √Ω 
    E    ¬Ω H   F  √ê¬Å@F  ‚Ç¨Q@F  ¬†`@F  @V@F    @F  ‚Ç¨V@F   "@F    @F   @F   @G  ¬∞≈Ω@ √Ω 
    E    ¬Ω H   F  √†q@F   0@F   U@F   R@F   √∞?F  ‚Ç¨A@F    @F   *@F    @F   √∞?G  0‚Ç¨@ √Ω 
    E     ¬Ω    F  ¬†s@F  ‚Ç¨A@F  @Q@F   U@    H ¬Ω *   F   Q@F   .@F   @F   @F    @G  ¬ê‚Äö@ √Ω 
    E !   ¬Ω H   F  ‚Ç¨i@F   <@F  ‚Ç¨Q@F  ‚Ç¨M@F    @F   *@F   @F   √∞?F   @F    @G  0x@ √Ω 
    E "   ¬Ω 6   F  @R@F   @F  ‚Ç¨G@F   9@F   @F   &@F   @F    @   	 H ¬Ω   
 F   @G  ‚Ç¨e@ √Ω 
    E #   ¬Ω H   F   _@F   @F  ‚Ç¨M@F   D@F    @F   .@F    @F   √∞?F   √∞?F    @G  @o@ √Ω 
    E $   ¬Ω    F  `d@F   &@F   M@F   P@    H ¬Ω    F   "@F   √∞?F   √∞? ¬æ 
  	 H H 
 ~
   G  0s@√Ω 
    I    ¬Ω H   J  
¬∏@J  Àú‚Ä†@J  √ú≈æ@J  8‚Äî@J  √ÄP@J  √∏≈í@J   a@J  ‚Ç¨a@J   S@J  ‚Ç¨N@K ‚Ç¨√≤√Ü@ √ó : v  0 
 : F ¬§ Z f Z Z Z Z Z Z Z Z Z Z Z Z Z Z h Z h Z r > ¬¥     @       J   ‚Äπ ‚Äπ            J          ‚Ñ¢  $	√Ø   7   g g           √ø√ø√ø√øD  
   	   g2√ç√â‚Ç¨               -¬†  √ï¬¨  
     d          √º¬©√±√íMbP?_   *    +    ‚Äö   ‚Ç¨          %   √ø ¬Å  ¬Å      ∆í    ‚Äû    &        √®?'        √®?(        √∞?)        √∞?M ~  E P S O N   E P L - N 3 0 0 0   M e r c e d e s                  √ú ¬†   	 ≈°4d  X  X    A 4   2 1 0   x   2 9 7   m m                                                                                        ¬†       XX    , 4≈° 4≈°  d d 	                           XX                                               *                                                                                                                                                                                                                                                                                                                                                           DLLName32=EPOAQ7AC.DLL                                                                                                                                                         ¬° " 	 d                          ≈ì& ≈ì                                   U  
 }      ‚ÄôY    }    $
Y    }    I
Y    }    $
Y    }    I
Y    }  	  $
Y    }    $	Y                
        
 √Ç    @     
 √í     @     
 √ø           
 √ø           
 √ø           
 √ø           
 √ø           
 W          
 √ø        	   
 √ø        
   
 √ø           
 √ø           
 √ø        
   
 √ø           
 √ø           
 √ø            √ø            √ø            √ø            √ø            √ø            √ø            √ø            √ø            √ø            √ø            √ø            √ø            √ø            √ø       √Ω 
     `     ¬æ     ` ` ` ` ` ` ` ` ` ` ` `       √Ω 
    a %   ¬æ    a a a a a a a a a a a a  √Ω 
    a &   ¬æ    a a a a a a a a a a a a       √Ω 
    A    √Ω 
   ]    ¬æ    ^ ^ ^ ^ ^ ^ ^ ^ ^ _  √Ω 
    B    ~
   ]  x≈∏@¬æ    ^ ^ ^ ^ ^ ^ ^ ^ _ 
 √Ω 
   D    √Ω 
    B    √Ω 
   C    √Ω 
   C    √Ω 
   C    √Ω 
   C 	   √Ω 
   C 
   √Ω 
   C    √Ω 
   C    √Ω 
   C 
   √Ω 
  	 C    √Ω 
  
 C       D √Ω 
    E    ¬Ω    F  √∞t@F   K@F  ‚Ç¨S@F  ‚Ç¨M@    H ¬Ω *   F   N@F   @F   .@F   @F   @G  @∆í@ √Ω 
 	   E    ¬Ω 6 	  F   S@F   √∞?F  ‚Ç¨B@F   4@F    @F   @F    @F    @  	 	 H ¬Ω  	 
 F   √∞?G  @b@ √Ω 
 
   E    ¬Ω H 
  F  √∞u@F  ‚Ç¨J@F  √Ä\@F  ‚Ç¨]@F    @F   E@F   &@F   &@F   "@F    @G  P‚Ä†@ √Ω 
    E    ¬Ω H   F  ¬†|@F   H@F  @c@F   a@F    @F  ‚Ç¨V@F   (@F   5@F    @F   "@G  X¬ç@ √Ω 
    E    ¬Ω H   F  p|@F   L@F  @_@F   R@F   *@F  ‚Ç¨T@F   $@F   "@F   @F   "@G  0≈†@ √Ω 
 
   E    ¬Ω  
  F  √∞x@F   =@F  @Q@F  √ÄV@  
  H ¬Ω * 
  F  √ÄU@F   &@F   @F   @F   @G  √à‚Ä¶@ √Ω 
    E    ¬Ω H   F  √Äw@F   L@F  @a@F  ‚Ç¨T@F   *@F   N@F   (@F   @F    @F   @G  ¬®‚Ä°@ √Ω 
    E    ¬Ω H   F  pr@F  ‚Ç¨B@F  √Ä`@F  √ÄU@F   0@F  ‚Ç¨E@F   @F   6@F   @F    @G   ‚Äû@ √Ω 
    E    ¬Ω H   F  ‚Ç¨g@F   1@F  @V@F   N@F   @F   :@F   "@F   (@F    @F   @G  ¬†y@ √Ω 
    E    ¬Ω H   F  p@F   ;@F  √†`@F   V@F   @F   B@F   @F   ,@F    @F   @G  8‚Äö@ √Ω 
    E    ¬Ω H   F   s@F   I@F  @f@F  ‚Ç¨H@F   @F  ‚Ç¨H@F    @F   9@F   @F   @G  (‚Ä¶@ √Ω 
    E    ¬Ω H   F  @`@F   ;@F   J@F   D@F   @F   5@F   @F   @F    @F   @G  0r@ √Ω 
    E    ¬Ω H   F  √∞u@F  ‚Ç¨H@F  ‚Ç¨^@F  @Z@F   @F  ‚Ç¨C@F   $@F   *@F   @F   @G  ‚Ä†@ √Ω 
    E    ¬Ω H   F  √†u@F  ‚Ç¨Q@F   K@F   O@F   @F   L@F   @F   *@F   @F   @G  h∆í@ √Ω 
    E    ¬Ω H   F  ¬Å@F  √ÄQ@F   `@F  @V@F   √∞?F  ‚Ç¨[@F   (@F   &@F   @F   @G  ¬®≈Ω@ √Ω 
    E    ¬Ω H   F  ¬†r@F   9@F  √ÄS@F   O@F   @F   D@F   @F   4@F   @F    @G  √∏‚Ç¨@ √Ω 
    E     ¬Ω H   F  √êt@F   =@F  √ÄU@F  √ÄV@F   √∞?F  @T@F   "@F   @F   @F    @G  (‚Äû@ √Ω 
    E !   ¬Ω <   F  ‚Ç¨h@F   A@F  √ÄS@F   Q@F    @F   2@F    @F   "@F   √∞?	   
 H ~
   G  ¬êy@√Ω 
    E "   ¬Ω 6   F   R@F   @F  ‚Ç¨D@F   1@F   √∞?F   .@F    @F   @   	 H ¬Ω   
 F   √∞?G  √Äc@ √Ω 
    E #   ¬Ω H   F   a@F   $@F  ‚Ç¨H@F   F@F   @F   *@F   @F   @F   √∞?F    @G   q@ √Ω 
    E $   ¬Ω H   F   b@F   5@F   K@F   E@F   @F   ,@F   @F   @F    @F   √∞?G   r@ √Ω 
    I    ¬Ω H   J  ¬®¬∑@J  ÀÜ@J  4≈∏@J  ,‚Äî@J  ‚Ç¨W@J  √ò≈Ω@J  √Äb@J   m@J  @V@J  ‚Ç¨S@K ‚Ç¨O√á@ √ó @    D0 
 0 0 
 : F ¬§ h h Z Z Z h Z Z Z Z Z Z Z Z Z Z Z f h Z Z > ¬¥     @       J   ‚Äπ ‚Äπ            J   "     " " ‚Ñ¢  $	√• *     
                      √Ø    7   g g           √ø√ø√ø√øD  
   	   g2√ç√â‚Ç¨               √â¬Æ  ;¬ª  
     d          √º¬©√±√íMbP?_   *    +    ‚Äö   ‚Ç¨          %   √ø ¬Å  √Å      ∆í    ‚Äû    &  ffffff√¶?'  ffffff√¶?(        √®?)        √®?¬° "   √ø      √ø333333√ì?333333√ì? ≈ì& ≈ì                          <3        U  
 }      ‚Äô    }    $
    }    I
    }    $
    }    I
    }  	  $
    }    $	                
        
 √Ç    @     
 √í     @     
 √ø           
 √ø           
 √ø           
 √ø           
 W          
 √ø        	   
 √ø        
   
 √ø           
 √ø           
 √ø        
   
 √ø           
 √ø           
 √ø            √ø            √ø            √ø            √ø            √ø            √ø            √ø            √ø            √ø            √ø            √ø            √ø            √ø            √ø       √Ω 
     `     ¬æ     ` ` ` ` ` ` ` ` ` ` ` `  √Ω 
    a %   ¬æ    a a a a a a a a a a a a  √Ω 
    a '   ¬æ    a a a a a a a a a a a a  √Ω 
    g    √Ω 
   h    ¬æ    i i i i i i i i i j  √Ω 
    k    ~
   h  |≈∏@¬æ    i i i i i i i i j 
 √Ω 
   l    √Ω 
    k    √Ω 
   m    √Ω 
   m    √Ω 
   m    √Ω 
   m 	   √Ω 
   m 
   √Ω 
   m    √Ω 
   m    √Ω 
   m 
   √Ω 
  	 m    √Ω 
  
 m       l √Ω 
    n    ¬Ω H   o  @u@o   N@o  ‚Ç¨P@o   M@o    @o  ‚Ç¨C@o   @o   .@o   @o   @p  √Ä‚Äö@ √Ω 
 	   n    ¬Ω H 	  o  @S@o    @o   F@o   8@o   @o   2@o   @o   @o   @o   √∞?p   g@ √Ω 
 
   n    ¬Ω H 
  o  √∞v@o   B@o   a@o   ^@o   √∞?o   E@o   @o   &@o   @o   @p  ¬®‚Ä†@ √Ω 
    n    ¬Ω H   o  ¬†}@o  ‚Ç¨D@o  @^@o   _@o    @o  @[@o   (@o  ‚Ç¨B@o   @o   @p  ¬ç@ √Ω 
    n    ¬Ω H   o  ‚Ç¨@o  ‚Ç¨P@o  @[@o  √ÄV@o   @o   X@o   .@o   (@o   √∞?o   @p  @≈í@ √Ω 
 
   n    ¬Ω  
  o   x@o   A@o   O@o  ‚Ç¨S@  
  q ¬Ω * 
  o  √ÄQ@o   &@o   $@o   @o    @p  ÀÜ‚Äû@ √Ω 
    n    ¬Ω H   o  0x@o  ‚Ç¨G@o  √Ä[@o  ‚Ç¨]@o   @o  @Q@o   $@o   @o   @o   @p  √à‚Ä°@ √Ω 
    n    ¬Ω H   o  @t@o   ?@o  ‚Ç¨`@o  ‚Ç¨Q@o   @o   F@o   (@o   1@o   @o    @p  √∏∆í@ √Ω 
    n    ¬Ω H   o  ¬†k@o   5@o  ‚Ç¨R@o  ‚Ç¨M@o   @o   D@o   @o   *@o    @o   √∞?p  ‚Ç¨{@ √Ω 
    n    ¬Ω H   o  r@o  ‚Ç¨B@o  √ÄZ@o  ‚Ç¨V@o   @o   ?@o   @o   "@o   $@o   @p  8‚Äö@ √Ω 
    n    ¬Ω H   o  √∞q@o   P@o  ¬†b@o  ‚Ç¨K@o    @o   Q@o   @o   6@o   @o   √∞?p  √Ä‚Äû@ √Ω 
    n    ¬Ω H   o  ‚Ç¨`@o   9@o   D@o   A@o   √∞?o   6@o   "@o   @o    @o   @p   q@ √Ω 
    n    ¬Ω H   o  √êv@o   I@o  @`@o  ¬†`@o   @o  ‚Ç¨C@o   @o   $@o    @o   @p  x‚Ä°@ √Ω 
    n    ¬Ω H   o  √Ät@o   N@o   M@o  ‚Ç¨M@o   √∞?o   K@o    @o   6@o   @o    @p  √à‚Äö@ √Ω 
    n    ¬Ω H   o  √∞{@o  ‚Ç¨P@o  @]@o  ‚Ç¨T@o   @o   X@o   $@o   *@o   &@o   @p  ÀÜ≈†@ √Ω 
    n    ¬Ω H   o  ¬∞q@o   8@o  @Q@o  @P@o   @o   ;@o   "@o   @o   @o   @p  √∞~@ √Ω 
    n     ¬Ω H   o  0v@o   5@o  √ÄQ@o  √ÄU@o   √∞?o  √ÄP@o   3@o   @o   @o   @p  √†∆í@ √Ω 
    n !   ¬Ω <   o  √†h@o   ;@o  √ÄP@o  @P@o   @o   .@o   @o   @o   @	   
 q ~
   p  0x@√Ω 
    n "   ¬Ω 6   o  @S@o   @o   <@o   1@o   @o   *@o   √∞?o   @   	 q ¬Ω   
 o   √∞?p  √†b@ √Ω 
    n #   ¬Ω 6   o   `@o   @o   J@o  ‚Ç¨C@o    @o   0@o   @o   @   	 q ¬Ω   
 o    @p  √†o@ √Ω 
    n $   ¬Ω H   o  @b@o   (@o  ‚Ç¨N@o  ‚Ç¨L@o    @o   @o   @o   @o   @o    @p  ¬†r@ √Ω 
    r    ¬Ω H   s  √©¬∑@s   ‚Ä°@s  0≈ì@s  √î‚Äî@s   N@s  ¬∏≈Ω@s  √Äd@s  √†m@s  @U@s  ‚Ç¨O@t  √á@ √ó > √™  00   0 0 : F ¬§ Z Z Z Z Z h Z Z Z Z Z Z Z Z Z Z Z f h h Z > ¬∂     @       s   ‚Äπ ‚Äπ            r   *     * * ‚Ñ¢  $	√• *                          
 g g           √ø√ø√ø√øD  
   	   g2√ç√â‚Ç¨               #¬Ω  #√ã  
     d          √º¬©√±√íMbP?_   *    +    ‚Äö   ‚Ç¨          %   √ø ¬Å  √Å      ∆í    ‚Äû    &  ffffff√¶?'  ffffff√¶?(        √®?)        √®?¬° "   √ø      √ø333333√ì?333333√ì? ≈ì& ≈ì                          <3        U  
 }      ‚Äô    }    $
    }    I
    }    $
    }    I
    }  	  $
    }    I
    }  
  $	                         √Ç    @      √í     @      √ø            √ø            √ø            √ø            W           √ø        	    √ø        
    √ø            √ø            √ø        
    √ø            √ø            √ø           
 √ø           
 √ø           
 √ø           
 √ø           
 √ø           
 √ø           
 √ø           
 √ø           
 √ø           
 √ø           
 √ø           
 √ø           
 √ø           
 √ø       √Ω 
     `     ¬æ      ` ` ` ` ` ` ` ` ` ` ` ` ` 
 √Ω 
    a %   ¬æ     a a a a a a a a a a a a a 
 √Ω 
    a (   ¬æ     a a a a a a a a a a a a a 
 √Ω 
    g    √Ω 
   h    ¬æ    i i i i i i i i i i j  √Ω 
    k    ~
   h  ‚Ç¨≈∏@¬æ    i i i i i i i i i j  √Ω 
   l    √Ω 
    k    √Ω 
   m    √Ω 
   m    √Ω 
   m    √Ω 
   m 	   √Ω 
   m 
   √Ω 
   m    √Ω 
   m    √Ω 
   m 
   √Ω 
  	 m    √Ω 
  
 m    √Ω 
   m )      l √Ω 
    n    ¬Ω B   o  ‚Ç¨t@o   O@o  ‚Ç¨U@o  ‚Ç¨L@o   √∞?o   G@o   (@o   $@o   @o    @
    q ~
   p  ∆í@√Ω 
 	   n    ¬Ω B 	  o  √ÄW@o   @o   I@o   A@o   @o   (@o    @o   @o    @o   @
  	  q ~
 	  p  ¬†j@√Ω 
 
   n    ¬Ω B 
  o  ¬†u@o  ‚Ç¨K@o  @^@o  ‚Ç¨Z@o   @o  ‚Ç¨J@o   2@o   @o    @o   @
  
  q ~
 
  p  ¬®‚Ä†@√Ω 
    n    ¬Ω    o  √Ä{@o   7@o  ‚Ç¨e@o   b@    q ¬Ω $   o  @X@o   &@o  ‚Ç¨@@o   @o   @
    q ~
   p   ¬ç@√Ω 
    n    ¬Ω B   o  0@o  ‚Ç¨M@o  ‚Ç¨^@o   T@o   @o  @Z@o   ,@o    @o   @o   @
    q ~
   p  @≈í@√Ω 
 
   n    ¬Ω  
  o  √†w@o   :@o  ‚Ç¨J@o   V@  
  q ¬Ω $ 
  o  ‚Ç¨O@o   $@o   3@o   √∞?o   @
  
  q ~
 
  p  8‚Äû@√Ω 
    n    ¬Ω B   o  ¬∞y@o  ‚Ç¨L@o  √Ä]@o  @U@o   @o  √ÄR@o   .@o    @o   @o    @
    q ~
   p  ÀúÀÜ@√Ω 
    n    ¬Ω B   o  ¬êu@o   >@o  ‚Ç¨`@o  ‚Ç¨Q@o   @o   L@o   2@o   <@o   @o   @
    q ~
   p  ¬†‚Ä¶@√Ω 
    n    ¬Ω B   o   o@o   3@o  ‚Ç¨V@o   L@o   @o  ‚Ç¨@@o   "@o   $@o   √∞?o   √∞?
    q ~
   p  ‚Ç¨}@√Ω 
    n    ¬Ω B   o   r@o   D@o  √Ä]@o   Z@o   @o   B@o   (@o   &@o   @o    @
    q ~
   p  p∆í@√Ω 
    n    ¬Ω B   o  `r@o  ‚Ç¨N@o  √Äf@o   K@o   (@o   Q@o    @o   ;@o    @o   √∞?
    q ~
   p  (‚Ä†@√Ω 
    n    ¬Ω B   o  √Äb@o   ?@o  ‚Ç¨J@o   @@o   @o   7@o   @o    @o   @o    @
    q ~
   p  0s@√Ω 
    n    ¬Ω B   o   x@o  @T@o  ‚Ç¨a@o  ‚Ç¨]@o    @o  ‚Ç¨D@o   &@o   &@o   $@o   @
    q ~
   p  X‚Ä∞@√Ω 
    n    ¬Ω N   o  ‚Ç¨u@o  @Q@o  ‚Ç¨O@o   L@o   √∞?o  √ÄP@o   "@o  ‚Ç¨@@o   √∞?o   @o   √∞?p  8‚Äû@ √Ω 
    n    ¬Ω B   o  0}@o  @P@o  √Ä[@o   \@o   √∞?o  √Äa@o   ,@o   6@o   ,@o   @
    q ~
   p  ¬∏¬ç@√Ω 
    n    ¬Ω <   o  ¬∞r@o   4@o  ‚Ç¨L@o   Q@o   @o   A@o   @o   "@o   @	 ¬æ 
  
 q q  ~
   p  P@√Ω 
    n     ¬Ω    o  ¬†t@o  ‚Ç¨E@o  ‚Ç¨Q@o  √ÄV@    q ¬Ω $   o  @R@o   9@o   *@o   @o   @
    q ~
   p  h‚Äû@√Ω 
    n !   ¬Ω B   o  √Äi@o   ;@o  ‚Ç¨R@o  √ÄR@o    @o   0@o    @o   @o   @o   √∞?
    q ~
   p  √Äy@√Ω 
    n "   ¬Ω B   o  ‚Ç¨Q@o   @o   C@o   6@o   @o   .@o    @o   @o    @o   √∞?
    q ~
   p   d@√Ω 
    n #   ¬Ω B   o  ¬†b@o   @o   E@o   K@o   @o   :@o   @o   @o   √∞?o   @
    q ~
   p  pr@√Ω 
    n $   ¬Ω B   o   f@o   &@o  √ÄQ@o   K@o   √∞?o    @o   @o   @o    @o   √∞?
    q ~
   p   u@√Ω 
    r    ¬Ω N   s  r¬∏@s  √†ÀÜ@s  ¬¥≈æ@s  `Àú@s  √ÄR@s  ‚Äò@s  ‚Ç¨j@s  q@s  @W@s  @P@s   √∞?t ‚Ç¨1√à@ √ó > h
  02   2 2 < H ¬≤ l l l z l z l l l l l l l ` l j z l l l l > ¬∂    @       s   ‚Äπ ‚Äπ            r   $     $ $ ‚Ñ¢  $	√• *        
     
     
         g g           √ø√ø√ø√øD  
              √æ√ø                      √†‚Ä¶≈∏√≤√πOh¬´‚Äò +'¬≥√ô0   Àú         8      @      \      x   
   ‚Äû      ¬ê      √§        JAIME BENITO VIVAR        JAIME BENITO VIVAR  @    U `√è√ê@    √Ω¬ç√™¬ß‚Ä†√í                                                                                                                                                                                                                                                                                                                                                                                                                                                                                                                                                                                                                                                                                                                                                                                                                                                                                                                                                                                                                                                                                                                                                                                                                                                                                                                                                                                                                                                                                                                                                                                                                                                                                                                                                                                                                                                                                                                                                                                                                                                                                                                                                                                                                                                                                                                                                                                                                                                                                                                                                                                                                                                                                                                                                                                                                                                                                                                                                                                                                                                                                                                                                                                                                                                                                                                                                                                                                                                                                                                                                                                                                                                                                                                                                                                                                                                                                                                                                                                                                                                               √æ√ø                      √ï√ç√ï≈ì.‚Äú‚Äî +,√π¬Æ0   √¥         H      P      X      `      h      p   
   x      √à      √§                                            2009    2010    2011    2012    2013    2014    2015    2016            Hojas de c√°lculo                                                                                                                                                                                                                                                                                                                                                                                                                                                                                                                                                                                                                                                                                                                                                                                                                                                                                                                                                                                                                                                                                                                                                                                                                                                                                                                                                                                                                                                                                                                                                                                                                                                                                                                                                                                                                                                                                                                                                                                                                                                                                                                                                                                                                                                                                                                                                                                                                                                                                                                                                                                                                                                                                                                                                                                                                                                                                                                                                                                                                                                                                                                                                                                                                                                                                                                                                                                                                                                                                                                                                                                                                                                                                                                                                                                                                                                                                                                                                                                              	   
         
                                                             !   "   #   $   %   &   '   (   )   *   +   ,   -   .   /   0   1   2   3   4   5   6   7   8   9   :   ;   <   =   >   ?   @   A   B   C   D   E   F   G   H   I   J   K   L   M   N   O   P   Q   R   S   T   U   V   W   X   Y   Z   [   \   ]   ^   _   `   a   b   c   d   e   √æ√ø√ø√øg   h   i   j   k   l   m   √æ√ø√ø√øo   p   q   r   s   t   u   √æ√ø√ø√ø√Ω√ø√ø√ø√æ√ø√ø√ø√ø√ø√ø√ø√ø√ø√ø√ø√ø√ø√ø√ø√ø√ø√ø√ø√ø√ø√ø√ø√ø√ø√ø√ø√ø√ø√ø√ø√ø√ø√ø√øR o o t   E n t r y                                              √ø√ø√ø√ø√ø√ø√ø√ø         √Ä      F            √†‚Ä†√•¬™‚Ä†√í√æ√ø√ø√ø        W o r k b o o k                                                  √ø√ø√ø√ø√ø√ø√ø√ø√ø√ø√ø√ø                                        √µ√ã       S u m m a r y I n f o r m a t i o n                           (       √ø√ø√ø√ø                                    f           D o c u m e n t S u m m a r y I n f o r m a t i o n           8 √ø√ø√ø√ø√ø√ø√ø√ø√ø√ø√ø√ø                                    n          